{
    "Temperature": {
        "type": "gaussian",
        "mean": 0.048762209766933254,
        "std": 0.15917147312603241
    },
    "Humidity": {
        "type": "gaussian",
        "mean": 0.03237649370509543,
        "std": 0.2244533590579394
    },
    "Pressure": {
        "type": "gaussian",
        "mean": 0.15079698587919305,
        "std": 0.39100061292767624
    }
}