{
    "Temperature": {
        "type": "gaussian",
        "mean": 0.11634080805342993,
        "std": 0.45612171427770215
    },
    "Humidity": {
        "type": "gaussian",
        "mean": 0.10583855525135921,
        "std": 0.46918808485322894
    },
    "Pressure": {
        "type": "gaussian",
        "mean": 0.2005746062020121,
        "std": 0.2147270465424457
    }
}