{
    "Temperature": {
        "type": "gaussian",
        "mean": 0.4326196623153142,
        "std": 0.6843076714278368
    },
    "Humidity": {
        "type": "gaussian",
        "mean": 0.24969701813914205,
        "std": 0.5871900812773663
    },
    "Pressure": {
        "type": "gaussian",
        "mean": 0.09848536241571546,
        "std": 0.14791106232847925
    }
}