{
  "CO2": {
    "type": "gaussian",
    "mean": 0.026207386440709666,
    "std": 0.22353494632711993
  }
}