{
    "Temperature": {
        "type": "gaussian",
        "mean": 23.393130296296288,
        "std": 2.2657965627111096
    },
    "Humidity": {
        "type": "gaussian",
        "mean": 34.564667518518505,
        "std": 3.4604641449363065
    },
    "CO2": {
        "type": "gaussian",
        "mean": 638.1147037037038,
        "std": 35.516521927314756
    }
}