{
    "Temperature": {
        "type": "gaussian",
        "mean": 320.4956094055157,
        "std": 1017.536223970908
    },
    "Humidity": {
        "type": "gaussian",
        "mean": 0.45259909974752977,
        "std": 1.205780948052524
    },
    "CO2": {
        "type": "gaussian",
        "mean": 0.307386340336718,
        "std": 0.7615695970350259
    }
}