{
    "CO2": {
        "type": "gaussian",
        "mean": 0.026267715681576168,
        "std": 0.1828222149518383
    }
}