{
    "CO2": {
        "type": "gaussian",
        "mean": 753.7302055655499,
        "std": 50.23293235100619
    }
}