{
  "ssl_cutoff": 0.02040816326530612,
  "sensor_cutoff": 0.7755102040816326
}