{
  "S1_distance": {
    "type": "gaussian",
    "mean": 268.04106841808516,
    "std": 2155.903546771539
  },
  "S2_distance": {
    "type": "gaussian",
    "mean": 273.66606103176207,
    "std": 2410.7378549321047
  }
}