{
  "Temperature": {
    "type": "gaussian",
    "mean": 0.09230676712079214,
    "std": 0.18877334239782753
  },
  "Humidity": {
    "type": "gaussian",
    "mean": 0.11983133056904562,
    "std": 0.7615816377014017
  },
  "Pressure": {
    "type": "gaussian",
    "mean": 0.0751347952566153,
    "std": 0.14581824303241372
  }
}