{
    "Temperature": {
        "type": "gaussian",
        "mean": 0.6768353234151916,
        "std": 0.8223210122954825
    },
    "Humidity": {
        "type": "gaussian",
        "mean": 0.12618571313727553,
        "std": 0.406943260979021
    },
    "Pressure": {
        "type": "gaussian",
        "mean": 0.3097439682050487,
        "std": 0.30193633430630495
    }
}