{
    "Temperature": {
        "type": "gaussian",
        "mean": 0.11102433971243558,
        "std": 0.1989995089999145
    },
    "Humidity": {
        "type": "gaussian",
        "mean": 0.14162578894966832,
        "std": 0.6107396224051748
    },
    "Pressure": {
        "type": "gaussian",
        "mean": 0.07922774420720946,
        "std": 0.22878311739577145
    }
}