{
    "Temperature": {
        "type": "gaussian",
        "mean": 0.17792226020731025,
        "std": 0.34380428823394865
    },
    "Humidity": {
        "type": "gaussian",
        "mean": 0.10866189297272642,
        "std": 0.2693077662613085
    },
    "Pressure": {
        "type": "gaussian",
        "mean": 0.07035151704757908,
        "std": 0.20698377032306256
    }
}