{
  "model_type": "adaptive_autoencoder",
  "optimal_sensitivity": "low",
  "selection_score": 0.6452340609268907,
  "final_performance": {
    "test_accuracy": 0.8553535892985434,
    "test_macro_f1": 0.7346934464657117,
    "normal_f1": 0.9136122175433534,
    "anomaly_f1": 0.5557746753880699
  },  
  "method_selection": "autoencoder",
  "method_performance": {
    "autoencoder": 0.56,
    "isolation": 0.47,
    "outlier": 0.41
  },
  "sensitivity_comparison": {
    "low": {
      "val_accuracy": 0.856324147207507,
      "test_accuracy": 0.8553535892985434,
      "test_balance_score": 0.5557746753880699,
      "test_macro_f1": 0.7346934464657117,
      "overall_score": 0.6452340609268907
    },
    "medium": {
      "val_accuracy": 0.856324147207507,
      "test_accuracy": 0.8553535892985434,
      "test_balance_score": 0.5557746753880699,
      "test_macro_f1": 0.7346934464657117,
      "overall_score": 0.6452340609268907
    },
    "high": {
      "val_accuracy": 0.856324147207507,
      "test_accuracy": 0.8553535892985434,
      "test_balance_score": 0.5557746753880699,
      "test_macro_f1": 0.7346934464657117,
      "overall_score": 0.6452340609268907
    }
  },
  "data_cleaning": {
    "training_cleaning_enabled": true,
    "val_test_sensor_error_fixing": true,
    "sensor_ranges_used": true
  },
  "feature_importance": {
    "Temperature": 0.0577411505195513,
    "Humidity": 0.014127139731538304,
    "Pressure": 0.05237102768790537
  }
}