{
  "Temperature": {
    "type": "gaussian",
    "mean": 31.848406980048708,
    "std": 250.97844963403503
  },
  "Humidity": {
    "type": "gaussian",
    "mean": 0.5590294044651127,
    "std": 3.988921178122996
  },
  "CO2": {
    "type": "gaussian",
    "mean": 0.17462461001807267,
    "std": 1.2238773299990002
  }
}